"0","brownlow_votes <- player_rounds %>%"
"0","  filter(brownlow_votes != 0) %>%"
"0","  inner_join(players)"
"1","Joining, by = ""player_id""
"
"0","team_brownlow_votes <- brownlow_votes %>%"
"0","  group_by(team) %>%"
"0","  summarise(team = team,"
"0","            brownlow_votes = sum(brownlow_votes)) %>%"
"0","  distinct()"
"1","`summarise()` has grouped output by 'team'. You can override using the `.groups` argument.
"
"0","player_brownlow_votes <- brownlow_votes %>%"
"0","  group_by(player_id) %>%"
"0","  summarise(player_id = player_id,"
"0","            brownlow_votes = sum(brownlow_votes)) %>%"
"0","  distinct() %>%"
"0","  inner_join(players)"
"1","`summarise()` has grouped output by 'player_id'. You can override using the `.groups` argument.
"
"1","Joining, by = ""player_id""
"
